Site	Partition	alpha	beta1	p_1	beta2	p_2	LRT	p_value	no_branches_under_selection	Total_branch_length	MEME_LogL	FEL_LogL	Variation_p
1	1	0.68	0.18	0.88	12.43	0.12	3.58	0.08	0	0	-233.66	-230.35	0.04
2	1	0.84	0.05	1	1.26	0	0	0.67	0	0	-138.18	-138.18	1
3	1	0.87	0.03	0.86	0.72	0.14	0	0.67	0	0	-125.15	-122.65	0.08
4	1	1.01	0.16	1	1.69	0	0	0.67	0	0	-181.64	-181.64	1
5	1	1.38	0.05	0.98	28.15	0.02	1.52	0.24	1	0	-154.57	-152.46	0.12
6	1	1.64	0	0.73	0.23	0.27	0	0.67	0	0	-132.03	-131.03	0.37
7	1	0.49	0	0.8	1.04	0.2	1.81	0.2	12	0	-169.56	-158.07	0
8	1	2.05	0	0.8	0.45	0.2	0	0.67	0	0	-131.01	-125.9	0.01
9	1	0.61	0.02	0.97	3.87	0.03	4.39	0.05	3	0	-147.16	-140.48	0
10	1	1.02	0	0.84	32.05	0.16	10.87	0	2	0	-204.41	-187.33	0
11	1	0.79	0.09	0.75	39.52	0.25	5.37	0.03	3	0	-270.16	-257.48	0
12	1	0.65	0.07	0.93	5.61	0.07	4.22	0.06	2	0	-163.89	-157.13	0
13	1	3.68	0.04	0.8	3.12	0.2	0	0.67	0	0	-207.6	-195.97	0
14	1	1.38	0.3	0.8	12.49	0.2	0.85	0.35	0	0	-267.93	-263.9	0.02
15	1	1.56	0.24	0.91	6.78	0.09	1.02	0.31	1	0	-227.25	-224.32	0.05
16	1	9.84	0.11	1	14.76	0	0	0.67	0	0	-147.03	-147.03	1
17	1	0.6	0.07	0.8	113.62	0.2	17.49	0	0	0	-247.82	-232.74	0
18	1	0.57	0.03	0.7	1149.38	0.3	-2.88	0.67	0	0	-248.2	-242.07	0
19	1	1.39	0.03	0.89	1.8	0.11	0.06	0.6	5	0	-177.03	-170.51	0
20	1	1.09	0.05	0.97	0.9	0.03	0	0.67	0	0	-99.39	-98.9	0.61
21	1	2.77	0.18	0.91	12.28	0.09	0.62	0.4	0	0	-206.7	-203.59	0.04
22	1	0.81	0.03	0.92	5.46	0.08	6.47	0.02	5	0	-172.74	-161.6	0
23	1	0.57	0.06	1	0.85	0	0	0.67	0	0	-131.46	-131.46	1
24	1	1.69	0.05	0.99	33.37	0.01	1.68	0.22	1	0	-134.17	-132.58	0.2
25	1	1.57	0	0.78	0.52	0.22	0	0.67	0	0	-144.05	-141.59	0.09
26	1	0.74	0	1	1.11	0	0	0.67	0	0	-93.48	-93.48	1
27	1	0.54	0.08	0.89	89.03	0.11	12.15	0	3	0	-208.24	-193.93	0
28	1	0.62	0.01	0.96	115.73	0.04	8.8	0.01	5	0	-138.84	-128.4	0
29	1	0.62	0.05	1	0.93	0	0	0.67	0	0	-106.96	-106.96	1
30	1	0.41	0.03	0.88	63.3	0.12	15.76	0	5	0	-177.52	-159.64	0
31	1	1.04	0.06	0.84	10.13	0.16	4.52	0.05	4	0	-225.21	-212.83	0
32	1	1.01	0.01	1	1.51	0	0	0.67	0	0	-111.58	-111.58	1
33	1	0.42	0.01	0.86	14.22	0.14	9.66	0	8	0	-178.23	-161.53	0
34	1	1	0	1	1.5	0	0	0.67	0	0	-34.88	-34.88	1
35	1	1.76	0.01	1	2.64	0	0	0.67	0	0	-62.58	-62.58	1
36	1	1.05	0.02	1	1.57	0	0	0.67	0	0	-113.02	-113.02	1
37	1	1.74	0.02	1	2.62	0	0	0.67	0	0	-76.69	-76.69	1
38	1	0.85	0.05	0.97	1.7	0.03	0.11	0.57	1	0	-139.49	-139.05	0.64
39	1	0.99	0	0.83	0.79	0.17	0	0.67	0	0	-133.72	-127.25	0
40	1	1.94	0.13	0.96	1.52	0.04	0	0.67	0	0	-162.31	-162.1	0.8
41	1	1.35	0	0.89	0.56	0.11	0	0.67	0	0	-95.96	-89.3	0
42	1	1.28	0.12	1	1.92	0	0	0.67	0	0	-138.08	-138.08	1
43	1	1.01	0.1	0.88	21.93	0.12	4.93	0.04	2	0	-210.74	-203.59	0
44	1	0.98	0.05	0.99	26.9	0.01	2.23	0.16	1	0	-146.77	-143.97	0.06
45	1	1.1	0.05	0.96	4.12	0.04	1.25	0.28	2	0	-153.71	-149.74	0.02
46	1	0.39	0.05	0.99	19.9	0.01	3.06	0.1	1	0	-138.67	-136.34	0.1
47	1	1.33	0	0.7	0.28	0.3	0	0.67	0	0	-146.78	-145.55	0.29
48	1	0.57	0	0.85	0.48	0.15	0	0.67	0	0	-120.85	-118.8	0.13
49	1	0.31	0.07	0.89	0.76	0.11	0.31	0.49	0	0	-129.44	-128.62	0.44
50	1	0.51	0	0.8	0.69	0.2	0.19	0.53	6	0	-141.28	-138.5	0.06
51	1	0.8	0.07	1	1.2	0	0	0.67	0	0	-149.99	-149.99	1
52	1	1.26	0.09	0.83	1.45	0.17	0.03	0.62	0	0	-193.97	-191.66	0.1
53	1	1.62	0.02	0.78	0.62	0.22	0	0.67	0	0	-150.93	-148.51	0.09
54	1	0.53	0.09	0.93	1.1	0.07	0.32	0.48	0	0	-149.76	-148.86	0.41
55	1	0.26	0	0.97	2.59	0.03	6.58	0.02	3	0	-74.39	-63.32	0
56	1	0.95	0.09	1	1.42	0	0	0.67	0	0	-141.08	-141.08	1
57	1	1.05	0.1	1	1.58	0	0	0.67	0	0	-155.44	-155.44	1
58	1	0.74	0.01	0.95	12.99	0.05	7.2	0.01	4	0	-116.16	-102.29	0
59	1	0.63	0.11	1	0.94	0	0	0.67	0	0	-137.92	-137.92	1
60	1	0.97	0	0.71	1.14	0.29	0.06	0.6	11	0	-167.67	-159.13	0
61	1	1.2	0	0.42	0.68	0.58	0	0.67	0	0	-214	-212.21	0.17
62	1	0.5	0.02	1	0.75	0	0	0.67	0	0	-81.02	-81.02	1
63	1	1.52	0.15	1	2.28	0	0	0.67	0	0	-159.5	-159.5	1
64	1	1483.9	0	0.42	1.95	0.58	0	0.67	0	0	-263.79	-260.4	0.03
65	1	0.93	0.05	0.91	140.71	0.09	0.25	0.51	4	0	-169.7	-162.59	0
66	1	1.23	0.1	1	1.85	0	0	0.67	0	0	-166.01	-166.01	1
67	1	0.31	0.1	0.85	8.42	0.15	6.09	0.02	1	0	-189.07	-183.19	0
68	1	1.1	0.1	0.69	3.24	0.31	1.63	0.22	1	0	-238.6	-234.32	0.01
69	1	0.48	0	0.92	0.59	0.08	0.09	0.58	5	0	-85.75	-79.69	0
70	1	20.4	0.08	1	30.6	0	0	0.67	0	0	-135.97	-135.97	1
71	1	8.53	0.15	0.82	10.49	0.18	-0.01	0.67	1	0	-236.08	-227.76	0
72	1	0.4	0.09	0.93	16.68	0.07	9.99	0	3	0	-178.02	-169.39	0
73	1	1.5	0.15	0.98	5.6	0.02	0.3	0.49	1	0	-189.02	-188.38	0.53
74	1	0.72	0.06	0.98	1.36	0.02	0	0.66	1	0	-137.13	-136.81	0.73
75	1	1.51	0.27	0.97	114.16	0.03	1.01	0.31	0	0	-204.11	-203.48	0.53
76	1	0.51	0.03	1	0.76	0	0	0.67	0	0	-57.69	-57.69	1
77	1	0.88	0.01	0.88	9.63	0.12	2.78	0.12	8	0	-164.54	-147.55	0
78	1	0.42	0.01	0.96	0.9	0.04	0.2	0.53	2	0	-95.6	-91.49	0.02
79	1	0.27	0.05	0.94	21.6	0.06	7.73	0.01	2	0	-128.84	-121.1	0
80	1	3.76	0.06	1	5.64	0	0	0.67	0	0	-105.25	-105.25	1
81	1	1.44	0.27	0.76	4.72	0.24	0.4	0.46	0	0	-271.16	-269.68	0.23
82	1	2.32	0.56	0.88	5.55	0.12	0.19	0.53	0	0	-273.09	-272.84	0.77
83	1	2.25	0	0.34	1.32	0.66	0	0.67	0	0	-269.09	-266.7	0.09
84	1	1.44	0.13	1	2.47	0	0	0.67	0	0	-161.64	-161.64	1
85	1	1.44	0.35	0.98	2.55	0.02	0.03	0.62	0	0	-218.89	-218.88	0.99
86	1	2.51	0.25	0.87	228.79	0.13	0.95	0.33	0	0	-235.23	-230.97	0.01
87	1	1.3	0.14	0.99	54.86	0.01	0.77	0.36	1	0	-167.08	-166.58	0.61
88	1	2.54	0.01	0.85	0.71	0.15	0	0.67	0	0	-138.72	-133.89	0.01
89	1	0.97	0.06	0.76	0.9	0.24	0	0.67	0	0	-191.71	-190.92	0.45
90	1	40.19	0.13	0.62	1.73	0.38	0	0.67	0	0	-238.55	-235.81	0.06
91	1	0.84	0.07	0.98	70.01	0.02	3.19	0.1	2	0	-154.24	-151.48	0.06
92	1	0.61	0	1	0.92	0	0	0.67	0	0	-91.68	-91.68	1
93	1	1.29	0.05	1	1.94	0	0	0.67	0	0	-130.39	-130.39	1
94	1	0.79	0.31	0.95	64.44	0.05	0.93	0.33	0	0	-212.06	-211.6	0.63
95	1	0.8	0.06	0.89	91.13	0.11	5.54	0.03	4	0	-176.38	-166.92	0
96	1	1.65	0.07	0.92	45.46	0.08	-0.13	0.67	2	0	-173.95	-167.04	0
97	1	0.47	0	0.94	1.85	0.06	2.34	0.15	4	0	-122.23	-115.25	0
98	1	2.13	0.09	1	3	0	0	0.67	0	0	-124.55	-124.5	0.95
99	1	0.8	0.26	1	1.21	0	0	0.67	0	0	-198.29	-198.29	1
100	1	0.35	0.12	0.85	653.64	0.15	1.22	0.28	0	0	-214.32	-209.64	0.01
101	1	0.36	0.02	0.93	7372.96	0.07	14.29	0	4	0	-134.57	-123.86	0
102	1	1.2	0	0.63	1	0.37	0	0.67	0	0	-194.2	-188.24	0
103	1	6.69	0.22	0.92	22.85	0.08	-6.04	0.67	1	0	-224.02	-221.9	0.12
104	1	0.69	0.12	1	1.04	0	0	0.67	0	0	-149.9	-149.9	1
105	1	15.04	0.15	0.85	6	0.15	0	0.67	0	0	-231.23	-225.54	0
106	1	0.68	0.07	0.92	8.15	0.08	2.34	0.15	1	0	-169.86	-165.14	0.01
107	1	1.29	0	0.77	245.89	0.23	2.64	0.13	3	0	-214.69	-199.8	0
108	1	3.07	0.07	1	4.6	0	0	0.67	0	0	-97.16	-97.16	1
109	1	0.23	0	0.88	12.99	0.12	11.18	0	11	0	-140.38	-127.02	0
110	1	1.16	0	0.75	0.85	0.25	0	0.67	0	0	-157.38	-153.52	0.02
111	1	1.37	0.12	0.85	3.69	0.15	0.51	0.43	2	0	-207	-202.76	0.01
112	1	1.19	0.09	0.93	11.57	0.07	2.01	0.18	1	0	-182.74	-179.2	0.03
113	1	0.82	0.02	0.9	0.71	0.1	0	0.67	0	0	-149.29	-147.08	0.11
114	1	0.62	0.07	0.9	2.14	0.1	1.1	0.3	0	0	-162.18	-159.96	0.11
115	1	0.54	0	0.79	0.38	0.21	0	0.67	0	0	-126.98	-123.93	0.05
116	1	0.58	0.01	0.93	8.88	0.07	2.48	0.14	6	0	-155.41	-144.37	0
117	1	0.99	0.01	1	1.48	0	0	0.67	0	0	-85.07	-85.07	1
118	1	2.41	0.09	1	3.62	0	0	0.67	0	0	-131.39	-131.39	1
119	1	1.23	0	0.99	0.85	0.01	0	0.67	0	0	-66.08	-62.14	0.02
120	1	1.34	0.08	1	2.33	0	0	0.67	0	0	-135.05	-135.05	1
121	1	1.57	0.01	1	2.35	0	0	0.67	0	0	-55.52	-55.52	1
122	1	9.52	0.09	1	14.27	0	0	0.67	0	0	-101.81	-101.81	1
123	1	1.09	0.01	0.95	2.59	0.05	0.33	0.48	3	0	-113.4	-107.9	0
124	1	1.24	0.08	0.93	5.18	0.07	0.96	0.32	1	0	-176.25	-172.46	0.02
125	1	0.42	0.01	1	0.63	0	0	0.67	0	0	-74.37	-74.37	1
126	1	0.63	0.01	0.89	1.05	0.11	0.36	0.47	5	0	-127.15	-122.3	0.01
127	1	0.47	0.12	0.98	0.8	0.02	0.02	0.63	0	0	-150.63	-150.61	0.98
128	1	0.63	0.08	0.93	112.82	0.07	10.3	0	2	0	-166.69	-159.63	0
129	1	0.7	0.09	1	1.19	0	0	0.67	0	0	-142.59	-142.59	1
130	1	1.36	0.07	0.92	2701.4	0.08	2.1	0.17	3	0	-170.78	-161.57	0
131	1	1.07	0.02	0.96	16.51	0.04	0.83	0.35	3	0	-145.99	-141.12	0.01
132	1	0.83	0	0.69	0.55	0.31	0	0.67	0	0	-176.92	-173.94	0.05
133	1	1.04	0.01	0.89	0.29	0.11	0	0.67	0	0	-77.49	-75.8	0.18
134	1	1.05	0.04	0.95	3.7	0.05	1.11	0.3	2	0	-138.82	-133.87	0.01
135	1	0.42	0.05	1	0.64	0	0	0.67	0	0	-95.59	-95.59	1
136	1	1.59	0	0.82	0.41	0.18	0	0.67	0	0	-100.25	-95.39	0.01
137	1	2.39	0.01	1	4.97	0	0	0.67	0	0	-59.51	-55.23	0.01
138	1	0.61	0	0.92	0.58	0.08	0	0.67	0	0	-113.61	-108.74	0.01
139	1	0.85	0.12	1	1.28	0	0	0.67	0	0	-154.73	-154.73	1
140	1	2.14	0.2	1	3.21	0	0	0.67	0	0	-174.9	-174.9	1
141	1	0.37	0.05	0.91	0.94	0.09	0.43	0.45	1	0	-110.77	-109.62	0.32
142	1	1.12	0.05	0.77	0.47	0.23	0	0.67	0	0	-152.79	-151.75	0.36
143	1	0.77	0.05	0.99	85.39	0.01	4.69	0.04	1	0	-143.38	-140	0.03
144	1	0.45	0.01	0.78	0.61	0.22	0.05	0.61	6	0	-133.26	-129.85	0.03
145	1	0.72	0.02	0.98	130.27	0.02	8.29	0.01	1	0	-91.43	-82.68	0
146	1	0.32	0	0.93	0.41	0.07	0.06	0.6	3	0	-88	-84.47	0.03
147	1	1.49	0.01	0.96	2.99	0.04	0.07	0.59	4	0	-87.5	-81.69	0
148	1	0.62	0.05	0.88	71.33	0.12	14.41	0	5	0	-193.83	-174.02	0
149	1	0.54	0.23	0.87	37.45	0.13	10.91	0	0	0	-254.33	-247.12	0
150	1	0.82	0.11	0.92	5.41	0.08	1.83	0.2	2	0	-192.08	-187.79	0.01
151	1	1.47	0.03	0.88	5.52	0.12	1.81	0.2	5	0	-181.84	-168.02	0
152	1	0.87	0.19	0.92	31.54	0.08	5.83	0.02	3	0	-207.09	-200.19	0
153	1	2.94	0.11	1	4.41	0	0	0.67	0	0	-145.28	-145.28	1
154	1	0.78	0	0.66	0.23	0.34	0	0.67	0	0	-141.25	-140.2	0.35
155	1	0.13	0.11	0.8	21.28	0.2	26.01	0	1	0	-226.75	-214.5	0
156	1	0.42	0	0.98	3.02	0.02	2.08	0.17	2	0	-101.74	-97.37	0.01
157	1	0.34	0.01	0.97	1.13	0.03	0.47	0.44	2	0	-71.19	-68.11	0.05
