codon	Partition	alpha	beta1	p_1	beta2	p_2	LRT	p_value	no_branches_under_selection	Total_branch_length	MEME_LogL	FEL_LogL	Variation_p
1	1	0.79	0.07	1	1.19	0	0	0.67	0	0	-27.37	-27.37	1
2	1	0.24	0	0.76	2.66	0.24	1.45	0.25	4	0	-36.18	-32.48	0.02
3	1	0.42	0	0.8	1.58	0.2	1.16	0.29	3	0	-35.33	-32.06	0.04
4	1	149.6	0.02	1	224.41	0	0	0.67	0	0	-15.91	-15.91	1
5	1	1.51	0.26	1	2.27	0	0	0.67	0	0	-42.12	-42.12	1
6	1	8.45	0	0.74	2.23	0.26	0	0.67	0	0	-42.82	-39.16	0.03
7	1	0.47	0	0.75	1.93	0.25	1.3	0.27	2	0	-40.06	-37.38	0.07
8	1	2845.39	0.2	1	4268.08	0	0	0.67	0	0	-40.19	-40.19	1
9	1	1.33	0	0.76	2.27	0.24	0.08	0.59	1	0	-35.87	-33.34	0.08
10	1	9.42	0.08	1	14.13	0	0	0.67	0	0	-27.98	-27.98	1
11	1	0.08	0	0.83	4.66	0.17	3.61	0.08	2	0	-30.28	-27.63	0.07
12	1	0.45	0.31	0.95	0.81	0.05	0.01	0.64	0	0	-43.01	-43.01	1
13	1	0.3	0.06	0.89	2.67	0.11	0.17	0.54	1	0	-31.84	-30.96	0.42
14	1	0	0	0	0.05	1	1.64	0.22	0	0	-12.26	-12.26	1
15	1	1.38	0.03	0.64	18.58	0.36	0.43	0.45	0	0	-48.75	-46.41	0.1
16	1	273.99	0	0.58	695.31	0.42	0	0.67	1	0	-47.2	-46.08	0.33
17	1	2.7	0.87	1	4.04	0	0	0.67	0	0	-48.5	-48.5	1
18	1	4.37	0	0.58	785.99	0.42	0	0.65	0	0	-47.44	-44.44	0.05
19	1	2.11	0.05	0.72	17.85	0.28	0.09	0.58	0	0	-43.29	-40.98	0.1
20	1	0.64	0.05	0	2.13	1	0.34	0.48	0	0	-46.8	-46.8	1
21	1	0.27	0.17	1	0.41	0	0	0.67	0	0	-32.11	-32.11	1
22	1	0.17	0	0	1.09	1	0.62	0.4	0	0	-44.2	-44.2	1
23	1	0	0	0.6	15.4	0.4	3.66	0.08	0	0	-42.97	-40.39	0.08
24	1	38.87	0.05	0.84	2.84	0.16	0	0.67	0	0	-39.11	-37.43	0.19
25	1	0.93	0.1	1	1.39	0	0	0.67	0	0	-32.83	-32.83	1
26	1	6.7	0.13	1	14.17	0	0	0.67	0	0	-32.8	-32.8	1
27	1	0.32	0	0.83	2.25	0.17	2.37	0.15	1	0	-37.15	-34.07	0.05
28	1	0.51	0.05	1	0.76	0	0	0.67	0	0	-26.95	-26.95	1
29	1	1.39	0	0.82	2.97	0.18	0.08	0.58	3	0	-38.71	-35.38	0.04
30	1	0.53	0.03	0.9	415.59	0.1	1.57	0.23	1	0	-35.43	-32.78	0.07
31	1	0.07	0	1	0.1	0	0	0.67	0	0	-11.61	-11.61	1
32	1	1132.01	0.31	1	1698.01	0	0	0.67	0	0	-43.85	-43.85	1
33	1	0.87	0.15	1	1.31	0	0	0.67	0	0	-38.28	-38.28	1
34	1	0.75	0.05	1	1.12	0	0	0.67	0	0	-22.84	-22.84	1
35	1	0.33	0	0.87	1.21	0.13	0.74	0.37	2	0	-25.29	-21.58	0.02
36	1	0.19	0.06	0.58	1.3	0.42	1.61	0.22	0	0	-42.56	-41.91	0.52
37	1	1.36	0.02	1	2.29	0	0	0.67	0	0	-26.46	-26.46	1
38	1	0.39	0	0.71	2.5	0.29	1.27	0.27	5	0	-44.6	-39.93	0.01
39	1	6.62	0	1	9.93	0	0	0.67	0	0	-10.67	-10.67	1
40	1	3.24	0.06	1	4.87	0	0	0.67	0	0	-21.78	-21.78	1
41	1	0.44	0.02	1	0.66	0	0	0.67	0	0	-23.43	-23.43	1
42	1	1.29	0	0.91	0.58	0.09	0	0.67	0	0	-26.3	-24.7	0.2
43	1	0.45	0.13	1	0.67	0	0	0.67	0	0	-31.57	-31.57	1
44	1	0.26	0.08	1	0.39	0	0	0.67	0	0	-27.85	-27.85	1
45	1	2.72	0	0.75	4.2	0.25	0.02	0.63	1	0	-39.52	-37.01	0.08
46	1	0.58	0	0.93	0.89	0.07	0.03	0.62	1	0	-22.11	-20.05	0.13
47	1	5.35	0	0.75	2.87	0.25	0	0.67	0	0	-42.32	-39.52	0.06
48	1	2.23	0.11	0.72	1.87	0.28	0	0.67	0	0	-41.83	-41.45	0.69
49	1	0.23	0	0.76	3.3	0.24	3.02	0.11	0	0	-38.12	-36.32	0.17
50	1	0.56	0.04	0.94	259.66	0.06	0.8	0.36	1	0	-28.21	-24.33	0.02
51	1	15.66	0	0.48	0.49	0.52	0	0.67	0	0	-43.81	-43.24	0.56
52	1	6.91	0	0.7	3.54	0.3	0	0.67	0	0	-43.56	-40.9	0.07
53	1	23.24	0	0.9	5.59	0.1	0	0.67	0	0	-28.9	-25.02	0.02
54	1	2.57	0.16	1	3.85	0	0	0.67	0	0	-32.98	-32.98	1
55	1	1.85	0.09	0.73	2.64	0.27	0.01	0.64	0	0	-46.21	-45.76	0.64
56	1	6.52	0.09	1	9.78	0	0	0.67	0	0	-31.28	-31.28	1
57	1	0.5	0	0.79	1.33	0.21	0.44	0.45	2	0	-38.61	-35.64	0.05
58	1	2.14	0.17	1	3.21	0	0	0.67	0	0	-34.66	-34.66	1
59	1	0.13	0	0.73	64.51	0.27	3.34	0.09	0	0	-40.29	-35.49	0.01
60	1	0.33	0	0.74	0.33	0.26	0	0.67	2	0	-26.93	-26.36	0.56
61	1	2.07	0.62	1	3.1	0	0	0.67	0	0	-46.54	-46.54	1
62	1	0.31	0	0.73	0.53	0.27	0.24	0.51	3	0	-31	-29.58	0.24
63	1	0.77	0.06	1	1.16	0	0	0.67	0	0	-24.32	-24.32	1
64	1	1.6	0.11	1	2.4	0	0	0.67	0	0	-33.33	-33.33	1
65	1	3.21	0.08	0.78	4.99	0.22	-0.03	0.67	0	0	-39.52	-38.23	0.28
66	1	4.95	0.03	0.89	6.82	0.11	-0.13	0.67	1	0	-33.08	-31.85	0.29
67	1	0.44	0.05	1	0.66	0	0	0.67	0	0	-25.43	-25.43	1
68	1	1.72	0	0.52	0.6	0.48	0	0.67	0	0	-37.66	-37.21	0.64
69	1	6.88	0	0.76	3.66	0.24	0	0.67	0	0	-44.4	-40.07	0.01
70	1	190.79	0.18	1	286.19	0	0	0.67	0	0	-38.13	-38.13	1
71	1	5.19	0	0.82	4.08	0.18	0	0.67	0	0	-36.25	-34.48	0.17
72	1	73.73	0	0.78	0.32	0.22	0	0.67	0	0	-24.84	-23.76	0.34
73	1	39.4	0.05	0.81	1.17	0.19	0	0.67	0	0	-37.82	-37.03	0.45
74	1	7.02	0.05	1	10.53	0	0	0.67	0	0	-28.93	-28.93	1
75	1	0.96	0.14	1	1.44	0	0	0.67	0	0	-32.67	-32.67	1
76	1	0.39	0.05	0.77	3.39	0.23	1.32	0.26	0	0	-40.45	-38.32	0.12
77	1	6.66	0.05	1	9.99	0	0	0.67	0	0	-29.39	-29.39	1
78	1	0.67	0.41	1	1.01	0	0	0.67	0	0	-40.47	-40.47	1
79	1	0.16	0.11	0.67	98.8	0.33	3.51	0.08	0	0	-46.21	-44.26	0.14
80	1	0	0	0.78	4.33	0.22	5.41	0.03	2	0	-31.56	-28.26	0.04
81	1	0.72	0.18	1	1.08	0	0	0.67	0	0	-39.89	-39.89	1
82	1	1.32	0.43	1	1.97	0	0	0.67	0	0	-42.02	-42.02	1
83	1	0.53	0.2	1	0.8	0	0	0.67	0	0	-36.51	-36.51	1
84	1	120.74	0.12	0.87	83.24	0.13	0	0.67	0	0	-43.32	-42.24	0.34
85	1	0.52	0.09	1	0.79	0	0	0.67	0	0	-31.92	-31.92	1
86	1	0	0	0.54	0.36	0.46	1.63	0.22	2	0	-26.4	-26.03	0.69
87	1	1.56	0.1	1	2.34	0	0	0.67	0	0	-34.45	-34.45	1
88	1	0.74	0.06	1	1.11	0	0	0.67	0	0	-24.26	-24.26	1
89	1	0.44	0	0.85	0.85	0.15	0.4	0.46	2	0	-30.44	-28.03	0.09
90	1	0.58	0.12	0.88	1.11	0.12	-0.11	0.67	0	0	-39.34	-39.26	0.93
91	1	0	0	0.9	16.54	0.1	7.95	0.01	0	0	-23.03	-18.37	0.01
92	1	0.32	0.03	0.73	9.57	0.27	1.39	0.26	1	0	-45.23	-43.92	0.27
93	1	3.17	0.26	1	4.76	0	0	0.67	0	0	-38.74	-38.74	1
94	1	30.3	0	0.83	0.59	0.17	0	0.67	0	0	-26.92	-25.5	0.24
95	1	0.26	0	0.71	37.72	0.29	1.11	0.3	0	0	-45.72	-40.93	0.01
96	1	0.42	0.14	0.87	4.33	0.13	0.51	0.43	0	0	-42.91	-42.3	0.54
97	1	0	0	0.49	0.44	0.51	3.42	0.09	1	0	-27.68	-27.32	0.7
98	1	74.29	0.3	1	111.44	0	0	0.67	0	0	-40.64	-40.64	1
99	1	0.82	0.03	0.7	1.29	0.3	0.07	0.59	0	0	-39.59	-38.72	0.42
100	1	0.38	0.07	0.78	0.8	0.22	0.04	0.61	0	0	-31.61	-31.45	0.85
101	1	5.01	0.18	1	7.51	0	0	0.67	0	0	-31.7	-31.7	1
102	1	0.84	0.08	1	1.25	0	0	0.67	0	0	-32.69	-32.69	1
103	1	0.21	0.12	0.7	9.16	0.3	1.61	0.23	0	0	-44.55	-43.84	0.49
104	1	105.67	0.42	1	158.5	0	0	0.67	0	0	-46.59	-46.59	1
105	1	41.66	0.16	1	62.48	0	0	0.67	0	0	-34.58	-34.58	1
106	1	0	0	0.79	99.61	0.21	-2.67	0.67	2	0	-31.17	-28.38	0.06
107	1	1.46	0.49	1	2.18	0	0	0.67	0	0	-44.1	-44.1	1
108	1	0.1	0.06	1	0.14	0	0	0.67	0	0	-18.77	-18.77	1
109	1	255	0.19	1	382.5	0	0	0.67	0	0	-38.14	-38.14	1
110	1	0	0	0	7.77	1	0.24	0.51	0	0	-45.05	-45.05	1
111	1	0.04	0.04	0.82	43.4	0.18	9.15	0	2	0	-36.57	-32	0.01
112	1	0.49	0	0.85	0.97	0.15	0.16	0.55	2	0	-32.24	-31.75	0.62
113	1	396.28	0	0.42	20.66	0.58	0	0.67	0	0	-47.12	-45.93	0.3
114	1	159	1.76	1	238.5	0	0	0.67	0	0	-48.04	-48.04	1
115	1	0.77	0.02	1	1.4	0	0	0.67	0	0	-17.54	-17.54	1
116	1	10000	0.19	1	10000	0	0	0.67	0	0	-37.94	-37.94	1
117	1	1.22	0.04	0.52	1.03	0.48	0	0.67	0	0	-41.56	-41.21	0.7
118	1	0.41	0.06	0.77	0.43	0.23	0	0.65	0	0	-33.4	-33.3	0.9
119	1	4.87	0.13	1	7.31	0	0	0.67	0	0	-32.85	-32.85	1
120	1	1.05	0.08	0.81	3.09	0.19	0.13	0.56	0	0	-41.1	-40	0.33
121	1	3.66	0.44	1	5.49	0	0	0.67	0	0	-44.97	-44.97	1
122	1	34.45	0	0.64	21	0.36	0	0.67	0	0	-45.15	-42.13	0.05
123	1	2.11	0.07	1	4.15	0	0	0.67	0	0	-31.42	-31.42	1
124	1	0	0	0.45	75	0.55	2.04	0.18	0	0	-47.78	-45.46	0.1
125	1	0.86	0.04	1	1.29	0	0	0.67	0	0	-20.52	-20.52	1
126	1	25.21	0.13	0.89	4.19	0.11	0	0.67	0	0	-37.02	-36.32	0.5
127	1	0.36	0	0.93	1.3	0.07	0.84	0.35	1	0	-24.52	-21.86	0.07
128	1	0	0	0	1.47	1	5.04	0.04	0	0	-44.93	-44.93	1
129	1	0.2	0.05	1	0.3	0	0	0.67	0	0	-21.83	-21.83	1
130	1	1.76	0.21	1	2.63	0	0	0.67	0	0	-41.77	-41.77	1
131	1	0.17	0.03	1	0.26	0	0	0.67	0	0	-20.69	-20.69	1
132	1	431.53	0.18	0.99	23.99	0.01	0	0.67	0	0	-37.3	-37.3	1
133	1	617.26	0.25	1	925.9	0	0	0.67	0	0	-39.33	-39.33	1
134	1	1459.46	0.63	1	42.27	0	0	0.67	0	0	-45.31	-45.3	1
135	1	0.78	0.35	1	1.17	0	0	0.67	0	0	-41.06	-41.06	1
136	1	0.03	0	0	43.25	1	0	0.67	0	0	-47.26	-47.26	1
137	1	0	0	0.46	28.23	0.54	2.68	0.13	0	0	-49.02	-47.83	0.3
138	1	26.44	0.67	1	39.65	0	0	0.67	0	0	-46.65	-46.65	1
139	1	0.38	0.17	1	0.57	0	0	0.67	0	0	-35.12	-35.12	1
140	1	0.13	0	0.7	4.09	0.3	3.3	0.09	0	0	-41.05	-39.19	0.16
141	1	4.51	0	0.81	2.09	0.19	0	0.67	0	0	-40	-36.9	0.04
142	1	0	0	0.43	133.99	0.57	2.21	0.16	0	0	-47.64	-44.76	0.06
143	1	3.58	0.24	1	5.37	0	0	0.67	0	0	-40.44	-40.44	1
144	1	1869.58	0.08	0.75	12.02	0.25	0	0.67	0	0	-42.26	-41.86	0.67
145	1	5.27	0.63	1	7.91	0	0	0.67	0	0	-45.43	-45.43	1
146	1	217.01	1.35	1	12.86	0	0	0.67	0	0	-49.01	-49.01	1
147	1	6.3	0.89	1	9.46	0	0	0.67	0	0	-43.76	-43.76	1
148	1	1.59	0.15	1	2.38	0	0	0.67	0	0	-37	-37	1
149	1	0.73	0.04	0.63	0.72	0.37	0	0.67	0	0	-38.26	-37.75	0.61
150	1	1.67	0	0.81	3.49	0.19	0.07	0.59	3	0	-41.43	-37.2	0.01
151	1	0.98	0.07	0.64	4.06	0.36	0.07	0.59	0	0	-42.7	-42.06	0.53
152	1	0.84	0.02	0	1.91	1	0.11	0.57	0	0	-46.64	-46.64	1
153	1	2.22	0	0.72	1.78	0.28	0	0.67	0	0	-42.28	-38.65	0.03
154	1	426.36	0.15	1	639.54	0	0	0.67	0	0	-36.61	-36.61	1
155	1	98.36	0.54	1	10.51	0	0	0.67	0	0	-46.06	-46.06	1
156	1	0.37	0.02	0	1.73	1	1.23	0.28	0	0	-48.15	-48.15	1
157	1	1.34	0.31	1	2.01	0	0	0.67	0	0	-40.45	-40.45	1
158	1	1.06	0.02	0.93	2.07	0.07	0.03	0.62	1	0	-24.5	-22.78	0.18
159	1	4.29	0	0.47	2042.81	0.53	0	0.66	0	0	-47.18	-45.77	0.24
160	1	5.16	0.11	1	7.74	0	0	0.67	0	0	-32.64	-32.64	1
161	1	17.06	0.1	0.95	14.19	0.05	0	0.67	0	0	-37.3	-37.23	0.94
162	1	6.98	0.68	1	14.51	0	0	0.67	0	0	-47.13	-47.13	1
163	1	1.06	0	0.27	237.33	0.73	0.02	0.63	0	0	-46.5	-46.17	0.72
164	1	647.97	0.26	1	971.95	0	0	0.67	0	0	-37.95	-37.95	1
165	1	1.77	0.5	1	2.66	0	0	0.67	0	0	-44.76	-44.76	1
166	1	0.54	0.11	0.5	1.01	0.5	0.08	0.59	0	0	-44.85	-44.68	0.85
167	1	0	0	0.48	16.63	0.52	2.69	0.13	0	0	-48.34	-47.02	0.27
168	1	0.46	0	0.83	9.14	0.17	1.9	0.19	1	0	-34.85	-31.89	0.05
169	1	0.79	0.24	1	1.19	0	0	0.67	0	0	-41.9	-41.9	1
170	1	6.25	0.27	1	13.05	0	0	0.67	0	0	-39.87	-39.87	1
171	1	4.12	0.05	1	6.18	0	0	0.67	0	0	-32.79	-32.79	1
172	1	0.52	0	1	0.78	0	0	0.67	0	0	-16.91	-16.91	1
173	1	1.2	0.08	1	1.79	0	0	0.67	0	0	-30.06	-30.06	1
174	1	1.22	0.45	1	1.83	0	0	0.67	0	0	-43.06	-43.06	1
175	1	3.99	0.09	0.85	1.73	0.15	0	0.67	0	0	-33.13	-32.88	0.78
176	1	0.52	0.16	1	0.78	0	0	0.67	0	0	-30.61	-30.61	1
177	1	0.45	0	0.92	0.74	0.08	0.12	0.57	1	0	-25.57	-23.6	0.14
178	1	1.17	0.12	1	1.75	0	0	0.67	0	0	-32.68	-32.68	1
179	1	3665.29	0.11	0.97	55.66	0.03	0	0.67	0	0	-34.43	-34.38	0.95
180	1	3487.05	0.6	1	134.71	0	0	0.67	0	0	-50.17	-50.17	1
181	1	0.36	0.12	0.86	0.84	0.14	0.04	0.61	0	0	-35.98	-35.84	0.87
182	1	1.54	0.24	1	2.31	0	0	0.67	0	0	-39.94	-39.94	1
183	1	0.81	0.11	0.64	579.53	0.36	0.22	0.52	0	0	-47.3	-46.49	0.45
184	1	10.95	0	0.94	8	0.06	0	0.67	0	0	-21.5	-19.44	0.13
185	1	0.43	0.13	1	0.64	0	0	0.67	0	0	-29.65	-29.65	1
186	1	1.06	0.09	0	1.57	1	0.05	0.6	0	0	-48.53	-48.53	1
187	1	2.49	0.18	1	3.74	0	0	0.67	0	0	-41.55	-41.55	1
188	1	0.34	0	0.24	0.67	0.76	0.13	0.56	2	0	-44.3	-44.24	0.94
189	1	8824.59	0.34	1	153.23	0	0	0.67	0	0	-43.78	-43.78	1
190	1	0.32	0.06	1	0.47	0	0	0.67	0	0	-21.38	-21.38	1
191	1	0.14	0.04	0.84	64.46	0.16	3.37	0.09	1	0	-34.16	-31.44	0.07
192	1	0	0	0.68	25.51	0.32	2.58	0.13	2	0	-40.73	-39.4	0.26
193	1	0.11	0.07	0.66	587.87	0.34	4.85	0.04	0	0	-44.82	-42.38	0.09
194	1	4247.97	0.22	1	6371.96	0	0	0.67	0	0	-42.05	-42.05	1
195	1	51.8	0	0.66	0.77	0.34	0	0.67	0	0	-39.18	-38.18	0.37
196	1	0.28	0	0.7	3.92	0.3	2.98	0.11	1	0	-43.54	-41.08	0.08
197	1	5.25	0	0.76	2.82	0.24	0	0.67	0	0	-41.36	-38.12	0.04
198	1	0.66	0.19	1	0.99	0	0	0.67	0	0	-36.23	-36.23	1
199	1	0.32	0.05	1	0.48	0	0	0.67	0	0	-19.87	-19.87	1
200	1	12.92	0.28	1	19.38	0	0	0.67	0	0	-44.9	-44.9	1
201	1	0.86	0	0.94	3.41	0.06	-0.24	0.67	1	0	-20.62	-18.5	0.12
202	1	9.02	0.08	1	13.54	0	0	0.67	0	0	-33.1	-33.1	1
203	1	6.62	0	1	9.93	0	0	0.67	0	0	-10.67	-10.67	1
204	1	1.74	0.04	0.93	2.43	0.07	0	0.67	1	0	-27.49	-26.06	0.24
205	1	64.4	0	0.85	1.23	0.15	0	0.67	0	0	-31.23	-28.61	0.07
206	1	1.38	0.07	0.73	2.72	0.27	0.12	0.57	0	0	-41.57	-40.84	0.48
207	1	0.1	0	1	0.15	0	0	0.67	0	0	-8.46	-8.46	1
208	1	1.7	0.22	1	2.55	0	0	0.67	0	0	-39.49	-39.49	1
209	1	6.29	0.11	1	9.43	0	0	0.67	0	0	-32.15	-32.15	1
210	1	0	0	0.61	49.68	0.39	0.42	0.45	0	0	-42.55	-41.94	0.55
211	1	0.66	0.05	1	0.99	0	0	0.67	0	0	-28.45	-28.45	1
212	1	2.3	0.1	1	3.46	0	0	0.67	0	0	-31.14	-31.14	1
213	1	10000	0.12	1	10000	0	0	0.67	0	0	-37.05	-37.05	1
214	1	0	0	0.66	835.48	0.34	5.83	0.02	0	0	-45.02	-38.28	0
215	1	0	0	0.85	0.72	0.15	5.4	0.03	0	0	-18.79	-16.56	0.11
216	1	0.38	0.14	1	0.57	0	0	0.67	0	0	-29.61	-29.61	1
217	1	0.66	0.15	1	0.99	0	0	0.67	0	0	-39.86	-39.86	1
218	1	0.1	0	1	0.14	0	0	0.67	0	0	-8.82	-8.82	1
219	1	0.21	0	1	0.32	0	0	0.67	0	0	-8.13	-8.13	1
220	1	292.34	0	0.93	1.13	0.07	0	0.67	0	0	-27.72	-25.63	0.12
221	1	3.04	0.03	0.82	1.99	0.18	0	0.67	0	0	-37.79	-36.29	0.22
222	1	0.71	0.09	0.78	4.91	0.22	0.72	0.37	0	0	-40.05	-39.17	0.41
223	1	94.28	0	0.72	1.05	0.28	0	0.67	0	0	-36.79	-34.64	0.12
224	1	367.99	0.16	1	551.98	0	0	0.67	0	0	-34.17	-34.17	1
225	1	0.28	0	1	0.42	0	0	0.67	0	0	-21.39	-21.39	1
226	1	3.17	0.21	1	6.33	0	0	0.67	0	0	-40.25	-40.25	1
227	1	10000	0.07	1	10000	0	0	0.67	0	0	-25.02	-25.02	1
228	1	52.33	0	1	78.5	0	0	0.67	0	0	-19.74	-19.74	1
229	1	0.35	0	0.9	0.36	0.1	0	0.67	1	0	-16.38	-14.98	0.25
230	1	1.17	0	0.73	259.14	0.27	0.11	0.57	2	0	-45.32	-36.79	0
231	1	1.19	0.54	1	2.17	0	0	0.67	0	0	-48.89	-48.88	0.99
232	1	0.45	0.15	1	0.68	0	0	0.67	0	0	-33.77	-33.77	1
233	1	0.22	0	1	0.33	0	0	0.67	0	0	-8.1	-8.1	1
234	1	0	0	0.54	162.23	0.46	7.54	0.01	0	0	-48.17	-44.41	0.02
235	1	5.36	0.19	1	8.05	0	0	0.67	0	0	-38.52	-38.52	1
236	1	0.17	0	1	0.26	0	0	0.67	0	0	-18.05	-18.05	1
237	1	0	0	0.67	680.51	0.33	12.31	0	1	0	-47.9	-41.57	0
238	1	487.77	0	1	2.22	0	0	0.67	0	0	-22.06	-22.06	1
239	1	0.26	0.02	1	0.39	0	0	0.67	0	0	-19.97	-19.97	1
240	1	0.39	0	0.79	30.32	0.21	2.15	0.17	1	0	-43.04	-37.28	0
