Partition,Codon,α,β-,p-,β+,p+,LRT,p-value,branches under selection,q,class
1,1,0.5702667816909767,0.06854745059303223,0.850864337591679,3.4815582292803,0.149135662408321,6.98498538237186,0.01362170018698061,6,0.10183842520742648,Diversifying
1,3,0.7911962544916568,0.0628960383883194,0.941440645651493,449.0856939516087,0.05855935434850701,26.50518406174723,7.226389800996103e-7,7,0.00011345431987563881,Diversifying
1,12,0.6319903984016492,0.03363585018119561,0.8349017437377023,2.584117933460881,0.1650982562622977,4.946109124008046,0.0387646940377554,7,0.2434422785571039,Diversifying
1,13,0.6356755245739482,0.1777434647820137,0.9218594852061295,18.78138393799478,0.07814051479387052,8.277716776266516,0.007049084808838479,1,0.06510037146986125,Diversifying
1,15,0.8027213184276695,0.2732810038045272,0.8875379502351279,116.4775715862076,0.1124620497648721,11.28872582434462,0.001530984693466908,3,0.01716889977673604,Diversifying
1,19,0.7291613434576716,0.1181654078080059,0.9406522379984016,2858.01186090153,0.05934776200159841,11.05898776454535,0.001719707123348679,4,0.01799960122438284,Diversifying
1,40,1.150921893730782,0.112631537214002,0.9172702921325026,38.87725702967964,0.08272970786749745,16.16226191700184,0.0001308599915037512,6,0.0034241697776814894,Diversifying
1,43,0.7473549298839796,0.07551342852070043,0.95020024495847,960.4796275009771,0.04979975504153,15.26300689426279,0.0002058672518558957,2,0.004040144817671953,Diversifying
1,46,0.3307032569430444,0.02056411964542298,0.9784580657992034,2352.051068318337,0.02154193420079664,7.34929280358142,0.01131074346503025,1,0.08878933620048747,Diversifying
1,49,0.7710938441155039,0.1038854531574579,0.9227621944165332,1248.839592091502,0.07723780558346682,16.04458012739769,0.0001388520899866519,2,0.00311425401827205,Diversifying
1,57,0.6330297450257364,0.05231834440464518,0.9529808813158389,138.923518880278,0.04701911868416109,21.62501851377078,0.00000838133215097514,5,0.00032896728692577426,Diversifying
1,65,0.5996230610061413,0.01612422432662915,0.9066477218982434,59.22463454964156,0.09335227810175661,23.63045963054236,0.000003060256798637084,10,0.00016015343912867405,Diversifying
1,68,1.319925081478469,0.2224592270041604,0.8994084583100094,9.434604716111409,0.1005915416899906,5.633758434216475,0.02720917065487816,3,0.18573216490503786,Diversifying
1,78,0.8887810359934979,0.04034586667596128,0.9497715957518351,12.48630468273262,0.05022840424816488,9.709424208191763,0.003406887602522168,2,0.03343008459974877,Diversifying
1,81,0.8187472426968438,0.2448756933701317,0.8426698014061372,6149.425943827361,0.1573301985938628,19.46969974463764,0.0000247672516716646,0,0.0007776917024902685,Diversifying
1,90,1.144435610859609,0.1351181554232459,0.8219397536647923,7.389712337379893,0.1780602463352077,6.866472810766595,0.01447167569006014,2,0.10327514015179283,Diversifying
1,107,0.7296621711512966,0,0.7615963318516304,3.194068662976157,0.2384036681483696,7.876053832045841,0.008647906172819408,11,0.07542895939625817,Diversifying
1,111,0.5332603177653569,0.01029912347240059,0.8966035901539088,213.2404365331382,0.1033964098460912,25.27405451936539,0.00000134066830692614,9,0.000105242462093702,Diversifying
1,112,0.655302297300511,0.1133978202738935,0.9362018527971507,9.560290413186667,0.06379814720284926,11.70525964135697,0.001240160733815721,5,0.014977325785312938,Diversifying
1,115,0.7554073401304263,0,0.9016203740971074,4.555284859506549,0.09837962590289262,12.6768787013828,0.0007589827250389369,12,0.01191602878311131,Diversifying
1,116,0.6102558902095,0.02990542355779231,0.9424715333007431,61.28962534644167,0.05752846669925693,12.05681351831043,0.001038231108293597,7,0.014818389454735886,Diversifying
1,120,0.5927886468891631,0.07377704937018552,0.9596397875618835,95.49337127161316,0.04036021243811649,7.494732436344009,0.01050230670728614,1,0.08678221858125916,Diversifying
1,124,0.7360112604255215,0.008840344499751577,0.6937165935019324,4.540150669468441,0.3062834064980676,13.59064214940088,0.0004784942542839232,5,0.008347066435841773,Diversifying
1,148,0.1819228009214231,0.02905913275636427,0.9270273834351749,27.55190495868242,0.07297261656482512,11.94855208270002,0.001096628583724724,4,0.014347557303731806,Diversifying
1,149,1.113226272550437,0.08150813280794392,0.816421982769634,5.181462966884996,0.183578017230366,5.166180533982015,0.03460731454658506,3,0.22638951599224397,Diversifying
1,151,0.2839841807485748,0.01593129981463588,0.9146220256510897,2.368100183880829,0.08537797434891026,4.616792676995203,0.04595232125220583,7,0.27748132448447366,Diversifying